Label	Text
1	I love working here, the team is amazing
1	Great management and clear communication
1	My manager always listens to my concerns
1	Excellent work environment and culture
1	I feel valued and respected by my team
1	The company truly cares about employee wellbeing
1	Strong leadership and great career growth
1	I enjoy coming to work every day
1	Our team collaborates well and achieves great results
1	The onboarding process was smooth and welcoming
1	I have been given many opportunities to grow
1	Management is transparent and open to feedback
1	Work life balance here is outstanding
1	I feel motivated and engaged at work
1	The recognition programs really boost morale
1	My skills are being developed through great training
1	I trust the leadership team completely
1	The benefits and compensation are competitive
1	Proud to be part of such a professional company
1	Great colleagues who support each other
1	The projects I work on are meaningful and exciting
1	I am happy with the direction the company is heading
1	The work environment is positive and collaborative
1	My contributions are recognized and appreciated
1	The company invests in employees personal growth
1	I feel supported in reaching my career goals
1	The team spirit here is fantastic
1	Open door policy makes communication easy
1	Work assignments are challenging and rewarding
1	This employee consistently delivers high quality work on time
1	Shows excellent leadership skills and mentors junior team members
1	Proactively identifies and resolves issues before they escalate
1	Has shown remarkable improvement in productivity this month
1	Consistently delivers work ahead of schedule with great accuracy
1	Received positive feedback from multiple team leads this quarter
1	Takes initiative in team meetings and proposes constructive solutions
1	Outstanding performance review this quarter with all targets exceeded
1	Demonstrates exceptional communication skills across departments
1	Has gone above and beyond expectations on every project assigned
1	This employee is a reliable and highly valued team member
1	Excellent attendance record and always punctual to work
1	Strong collaborative spirit makes this employee a pleasure to work with
1	Received commendation from senior management for innovative work
1	Completed a complex project successfully ahead of the deadline
1	Demonstrates strong ownership and accountability for all tasks
1	Team leads consistently praise this employees work ethic
1	Performance metrics are consistently above company benchmarks
1	Has successfully mentored three junior colleagues this year
1	Outstanding problem solving ability and creative thinking
1	Employee has been promoted based on exceptional performance
1	Positive attitude and strong work ethic inspire colleagues
1	Exceeded all quarterly targets by a significant margin
1	Highly dedicated employee who always delivers quality results
1	Regularly volunteers for additional responsibilities with enthusiasm
1	Strong technical skills that significantly benefit the team
1	Produces consistently high quality work with minimal errors
1	Has built strong relationships across multiple departments
1	Excellent time management and organizational skills demonstrated
1	Leadership skills are developing rapidly and showing great promise
1	Receives consistently high scores in peer review sessions
1	Employee has significantly improved team productivity this quarter
1	Always approaches challenges with a positive and can do attitude
1	Has received formal recognition award for outstanding contribution
1	Excellent presentation skills and communicates ideas clearly
1	Shows great initiative and goes beyond what is asked
1	Team morale improved significantly since this employee joined
1	Highly professional conduct in all client facing interactions
1	This employee has become a key contributor to team success
1	Always willing to help colleagues and share knowledge generously
1	Strong analytical skills lead to excellent business decisions
1	Has achieved all performance objectives ahead of schedule
1	Demonstrated excellent leadership during a challenging project
1	Positive influence on team culture and overall morale
1	Completed mandatory certifications and exceeded training goals
1	Employee consistently acts with integrity and professionalism
1	Has earned the trust and respect of the entire department
1	Shows strong commitment to continuous learning and development
1	Delivered an outstanding customer satisfaction rating this month
1	Employee is well regarded by peers for supportive teamwork
1	Has made meaningful contributions to process improvement initiatives
1	Great work on the recent project exceeded all client expectations
1	Demonstrates a high level of initiative and independent thinking
1	Consistently produces accurate and thorough work documentation
1	Has received glowing reviews from clients and stakeholders
1	Demonstrates excellent judgment and decision making ability
1	Strong performance across all key performance indicators this year
1	Employee has been a great asset to the department since joining
1	Always maintains a professional and respectful demeanor
1	Exceptionally strong performance this review period
1	Has shown tremendous growth and development over the past year
1	Celebrated for achieving a major project milestone this month
1	Work quality and attention to detail are consistently impressive
1	Employee contributes positively to all team discussions and decisions
1	Has strengthened client relationships through excellent service
1	Proactively shares knowledge and upskills the wider team
1	Delivered results well above what was expected for the role
1	This employee is a model of reliability and consistent output
1	Improvement in communication skills has been notable and praised
1	Brings creative problem solving that consistently adds value
1	Employee has demonstrated remarkable resilience under pressure
1	Strong execution on all assigned deliverables this period
1	Has built a reputation as a dependable and skilled contributor
1	Performance consistently meets and exceeds all set objectives
1	Positive attitude during difficult periods has been commendable
1	Employee has shown strong leadership during the team restructure
1	Consistently earns the highest satisfaction scores in customer surveys
1	Excellent teamwork on the recent cross departmental project
1	Significant positive impact on the team culture this quarter
1	Very strong start to the year with multiple targets already met
1	Employee is highly motivated and brings strong energy to the team
1	Received outstanding annual appraisal score this review cycle
1	Has become an indispensable member of the department
1	Excellent at resolving complex problems independently
1	Great feedback received from external partners and clients
1	Consistently praised by senior leadership for quality and attitude
1	Employee handles pressure excellently and keeps team morale high
1	Proactive approach to work makes this employee a standout performer
1	Has received multiple commendations for customer service excellence
1	Very strong output this quarter with zero quality issues reported
1	Exhibits natural leadership skills that benefit the entire team
1	Continued outstanding performance sets a great example for others
0	This employee is frequently late to work without explanation
0	Has received multiple warnings for poor performance
0	Regularly misses deadlines and does not communicate proactively
0	Complaints have been raised by colleagues about attitude
0	Performance has been consistently below expectations this quarter
0	Has been absent for several days without proper notification
0	Team members have raised concerns about hostile behavior
0	Work quality has deteriorated significantly over recent months
0	Failed to complete mandatory training despite multiple reminders
0	Has not met a single project deadline in the last three months
0	Colleagues report difficulty working with this employee
0	Received a formal written warning for unprofessional conduct
0	Performance review indicates significant gaps in required competencies
0	Frequently argues with management and refuses feedback
0	Has accumulated excessive unplanned absences this quarter
0	Multiple team members have complained about disruptive behavior
0	Work output is consistently insufficient and below standard
0	Has failed to respond to repeated attempts to improve performance
0	Lacks basic skills required for the role despite training provided
0	Customer complaints have increased due to this employees attitude
0	Repeated tardiness and lack of punctuality are ongoing issues
0	Has been counselled three times for poor interpersonal behavior
0	Does not collaborate effectively and creates friction in the team
0	Produces work with excessive errors requiring constant rework
0	Has refused to participate in mandatory team building activities
0	Performance has not improved despite multiple coaching sessions
0	Negative attitude is affecting team morale and productivity
0	Has been involved in two formal disciplinary proceedings this year
0	Consistently submits work late with poor quality and accuracy
0	Employee has demonstrated a pattern of insubordination
0	There have been ongoing issues with this employees reliability
0	Has ignored repeated instructions from senior management
0	Team lead reports ongoing conflict with this employee
0	Work completion rate is far below the expected department standard
0	Has been formally warned about inappropriate workplace behavior
0	Multiple stakeholders have raised serious performance concerns
0	Employee struggles with basic task management and prioritization
0	Attendance issues have continued despite HR intervention
0	Has received negative feedback from three consecutive managers
0	Frequently fails to meet even the minimum required standards
0	Behaviour has been disrespectful toward colleagues and supervisors
0	Has been absent without leave on four occasions this month
0	Performance deterioration has continued despite support offered
0	Fails to take responsibility for errors and blames others
0	Has been observed disengaged and unproductive during work hours
0	Colleagues have filed formal complaints about this employee
0	Repeated incidents of poor judgment have caused project delays
0	Performance management plan has not produced expected improvements
0	Has been given a final written warning for continued misconduct
0	Consistently underperforms and shows no signs of improvement
0	The employee has been found negligent in key responsibilities
0	There is an ongoing pattern of missing deliverables without notice
0	Behavior in client meetings has been unprofessional and damaging
0	Has repeatedly refused tasks assigned by direct line management
0	Tension created by this employee has affected team performance
0	Work has required frequent correction due to carelessness
0	Has been formally disciplined for misuse of company resources
0	Colleagues express discomfort working alongside this employee
0	Has failed to meet any of the agreed performance improvement goals
0	Employee has been repeatedly disruptive in team meetings
0	Significant quality issues have led to client escalations
0	Has failed to complete mandatory compliance training on time
0	The employee presents a poor image to clients and visitors
0	Excessive personal time wasting has been observed repeatedly
0	Multiple project failures attributed to this employees errors
0	Team lead reports the employee is unresponsive to direction
0	Continued poor performance is impacting team delivery capacity
0	The employee has not shown up for three scheduled reviews
0	Colleagues are reluctant to collaborate due to past incidents
0	Performance appraisal was the lowest in the department this cycle
0	Has generated three formal HR complaints in the past two months
0	Aggressive communication style is creating a toxic team dynamic
0	Unable to complete tasks without constant supervision and prompting
0	Has caused repeated project delays due to missed commitments
0	Performance improvement plan has been ineffective so far
0	Has created a hostile work environment through ongoing misconduct
0	Employee has been unable to adapt to basic role requirements
0	The situation is very concerning and requires immediate attention
0	Customers have complained about rude and dismissive treatment
0	Has taken unauthorised leave impacting project timelines
0	Continues to fail key deliverables despite additional support
0	Team morale has suffered due to this employees negative influence
0	Demonstrates a persistent inability to meet basic role expectations
0	The employee regularly disrupts workflow and creates unnecessary conflict
0	Has shown little engagement or effort since joining the team
0	Performance gap is significant and requires urgent management action
0	Inability to work under pressure has led to multiple escalations
0	Colleagues are avoiding this employee due to ongoing conflict
0	The employee has not shown any improvement despite two formal warnings
0	Has demonstrated repeated failures in following company procedures
0	Lack of accountability continues to undermine team trust
0	Employee is disengaged unresponsive and shows no motivation
0	Late submissions have caused cascading delays across the project
0	Has been observed making derogatory comments about colleagues
0	Employee continues to fall far short of required performance levels
0	There are serious concerns about this employees commitment to the role
0	Has been formally warned about persistent late arrivals to work
0	Pattern of poor performance is putting the team under significant pressure
0	Ongoing complaints from customers about this employees conduct
0	The employee shows a persistent negative attitude that affects the team
0	Has been formally placed on a performance improvement plan
0	Repeated failure to follow safety procedures has been flagged
0	This employee requires constant supervision to complete basic tasks
0	Has failed to deliver on all three major project milestones
0	Employee was caught sleeping during working hours on multiple occasions
0	Has been reported for making offensive comments to a colleague
0	Misses important meetings consistently without notification
0	Has been formally suspended pending investigation of misconduct
0	Fails to follow up on action items assigned in team meetings
0	Has received the lowest performance score in the team this quarter
0	Continued absences without documentation are a serious concern
0	Disciplinary hearing scheduled due to ongoing conduct issues
0	Team output has dropped since this employee joined the project
0	Has been issued a final warning for repeated code of conduct breaches
